{
    "worst_objective": 541.9220810652826,
    "n_successful": 0,
    "n_trajectories": 10,
    "best_objective": 453.364280174988,
    "total_improvement": 4326.672400664686,
    "mean_improvement": 432.66724006646865,
    "std_final_objectives": 29.519180290193123,
    "convergence_rate": 0,
    "timestamp": "20250827_164415",
    "best_parameters": {
        "κ₀": 70.87292650224371,
        "μ": 0.001894080349609943,
        "bₕ": 1.0050985329894042,
        "ψ₀": 0.26686679075027586,
        "c₀": 0.03713481576230348,
        "ν": 0.8269142082717865,
        "χ": 6.1216581398518475,
        "ϕ": 0.9441434502380525,
        "aₕ": 2.43946888279406
    }
}