{
    "worst_objective": 951.4212953867479,
    "n_successful": 0,
    "n_trajectories": 30,
    "best_objective": 584.7750290908615,
    "total_improvement": 8579.666056547656,
    "mean_improvement": 285.98886855158855,
    "std_final_objectives": 67.59135264629312,
    "convergence_rate": 0,
    "timestamp": "20250827_153739",
    "best_parameters": {
        "κ₀": 158.86283207073637,
        "μ": 0.0033593923263782544,
        "bₕ": 1.0781112927520862,
        "ψ₀": 0.291107948339503,
        "c₀": 0.025075,
        "ν": 0.5836655781739374,
        "χ": 7.830328281862336,
        "ϕ": 1.1155405558117024,
        "aₕ": 1.5581990352491177
    }
}