{
    "worst_objective": 673.6358730868145,
    "n_successful": 0,
    "n_trajectories": 10,
    "best_objective": 596.9912999946799,
    "total_improvement": 2938.505477192565,
    "mean_improvement": 293.8505477192565,
    "std_final_objectives": 23.44890737773274,
    "convergence_rate": 0,
    "timestamp": "20250827_153653",
    "best_parameters": {
        "κ₀": 123.18130409667324,
        "μ": 0.005108187647338447,
        "bₕ": 1.0770525709037722,
        "ψ₀": 0.2911852611332686,
        "c₀": 0.00023813701596822257,
        "ν": 0.7386136697133117,
        "χ": 7.856657866046169,
        "ϕ": 1.1733810430812355,
        "aₕ": 1.5582295442586356
    }
}