{
    "worst_objective": 1011.7645564891444,
    "n_successful": 0,
    "n_trajectories": 5,
    "best_objective": 782.0956698791973,
    "total_improvement": 0,
    "mean_improvement": 0,
    "std_final_objectives": 101.94925568448183,
    "convergence_rate": 0,
    "timestamp": "20250827_135814",
    "best_parameters": {
        "κ₀": 132.7292132343396,
        "μ": 0.005056370268770801,
        "bₕ": 1.0816714227407203,
        "ψ₀": 0.3043339911664085,
        "c₀": 0.02670398660153918,
        "ν": 0.5927126293849522,
        "χ": 7.025643444410607,
        "ϕ": 1.1444337054965792,
        "aₕ": 1.6130337449599055
    }
}