{
    "worst_objective": 990.332626543726,
    "n_successful": 0,
    "n_trajectories": 3,
    "best_objective": 824.2989429759662,
    "total_improvement": 0,
    "mean_improvement": 0,
    "std_final_objectives": 85.47664293023347,
    "convergence_rate": 0,
    "timestamp": "20250827_140128",
    "best_parameters": {
        "κ₀": 117.93484807873224,
        "μ": 0.0051243626356331845,
        "bₕ": 1.0784141775119844,
        "ψ₀": 0.2920303711204508,
        "c₀": 0.0004731420450218072,
        "ν": 0.6496215653950335,
        "χ": 8.414551252305543,
        "ϕ": 1.1823194725992936,
        "aₕ": 1.5651664951851572
    }
}