year,mean_logwage,var_logwage,mean_alpha,var_alpha,mean_logwage_inperson,mean_logwage_remote,diff_logwage_inperson_remote,inperson_share,hybrid_share,remote_share,agg_productivity,mean_logwage_RH_lowpsi,mean_logwage_RH_highpsi,diff_logwage_RH_high_lowpsi,mean_alpha_highpsi,mean_alpha_lowpsi,diff_alpha_high_lowpsi,diff_logwage_high_lowpsi,var_logwage_highpsi,var_logwage_lowpsi,ratio_var_logwage_high_lowpsi,market_tightness
2022,3.0839922,.42794871,.12283425,.090556718,2.9917974,3.488569,-.13549724,.83186227,.090615422,.077522293,1.0971,3.4500077,3.7286406,.32016653,.38038537,.091935858,.28844953,.15088129,.48207214,.38805509,1.2422775,2
2023,3.1155279,.48875776,.13209434,.09510126,3.0102124,3.5403438,-.15923835,.81503046,.10186034,.083109193,1.1179,3.4831793,3.7978082,.10984431,.39389625,.10090283,.29299343,.20950043,.56494939,.44020799,1.2833692,1.4
2024,3.1130087,.47137266,.14258057,.098293722,2.9997919,3.492048,-.12950628,.78805506,.12541428,.086530633,1.1481,3.4393904,3.7613022,.14725864,.41118431,.11083103,.30035326,.051890083,.53907722,.42632803,1.2644657,1.1
2025,3.1220789,.43715963,.13673626,.094460741,3.013778,3.4997303,-.1214086,.79507899,.12233955,.082581446,1.1554,3.4536321,3.7457335,.17636374,.39400735,.10674357,.28726378,.18419628,.46713629,.39974993,1.1685714,1.0700001
