mean_logwage,agg_productivity,var_logwage,wage_alpha,mean_alpha_lowpsi,year,var_alpha,wage_alpha_curvature,mean_alpha_highpsi,market_tightness,inperson_share,mean_alpha,remote_share,diff_alpha_high_lowpsi,wage_premium_high_psi,job_finding_rate,hybrid_share,p90_p10_logwage,diff_logwage_inperson_remote,wage_slope_psi
3.0839921588356156,1.0971,0.4279342577388114,0.6973007847993714,0.05105331209236685,2022,0.09056048028708155,-0.5625517811947403,0.31448829765502867,2.0,0.8494481690325685,0.12284536383941422,0.09724465476688848,0.2634349855626618,-0.002713992569770232,,0.053307176200547174,1.5352505142103374,-0.14973208570755425,0.3078666855718777
3.1155279748575633,1.1179,0.4887535574141145,0.6938532036707452,0.057116908547835986,2023,0.09510622045669259,-0.5440044823371774,0.33078802195446916,1.4,0.8361279933074791,0.13210416770557745,0.10158886614986773,0.2736711134066332,0.02175357518758877,,0.062283140542641564,1.5188731536776685,-0.15117298098823378,0.14483955198904142
3.1130087990286732,1.1481,0.47136862730738277,0.5802357250435737,0.0659692918315897,2024,0.098304917907576,-0.4601627862088201,0.3476026175700988,1.1,0.8196052266643191,0.1426025888097886,0.10497817029434409,0.2816333257385091,-0.09024185023435109,,0.0754166030413442,1.4753859064701826,-0.11953374466279121,0.15073872761126206
3.1220790067158486,1.1554,0.43715187585686377,0.5566588340253575,0.06257569110124006,2025,0.0944611782519332,-0.44636153848976357,0.33641550067629133,1.07,0.8252780352577872,0.13711411369481533,0.09866648287913762,0.2738398095750513,-0.056817721439365254,,0.07605548186307562,1.4685576550246169,-0.10844004601139356,0.08960034021700643
