Parameter,Value
κ₀,850.0
κ₁,1.0
β,0.996
δ,0.011
b,0.4
ξ,0.5
A₀,15.0
A₁,1.0
ψ₀,0.15
ϕ,0.5861701965332031
ν,0.20709487915039063
c₀,12.5
χ,5.00909423828125
γ₀,1.0
γ₁,0.5
aₕ,3.469207763671875
bₕ,4.539581298828125
μ,0.027230682373046877
